No;Date;Sample_Site;City;Sample_Label;4_2FTS;6_2FTS;8_2FTS;EtFOSA;EtFOSAA;EtFOSE;FOSAA;HPFHpA;MeFOSA;MeFOSAA;MeFOSE;PF37DMOA;PFBA;PFBS;PFDA;PFDoDA;PFDS;PFHpA;PFHpS;PFHxA;PFHxDA;PFHxS;PFNA;PFOA;PFOS;FOSA;PFPeA;PFTeDA;PFTrDA;PFUnDA
1;2023-09-14;UppA;Uppsala;UppA_01SD;<0.13;<0.13;<0.26;<1.3;<1.3;<1.3;<1.3;<0.13;<1.3;<1.3;<1.3;<1.3;<2.6;<0.13;<0.13;<0.26;<0.26;<0.13;<0.13;0.21;<1.3;<0.13;<0.13;0.72;0.9;<0.13;<2.6;<1.3;<1.3;<0.26
2;2023-09-13;UppB1;Uppsala;UppB1_01SD;<0.12;<0.12;<0.23;<1.2;<1.2;<1.2;<1.2;<0.12;<1.2;<1.2;<1.2;<1.2;<2.3;<0.12;0.2;<0.23;<0.23;0.27;<0.12;0.59;<1.2;<0.12;0.27;0.66;0.22;<0.12;<2.3;<1.2;<1.2;<0.23
3;2023-09-13;UppB2;Uppsala;UppB2_01SD;<0.12;<0.12;<0.23;<1.2;<1.2;<1.2;<1.2;<0.12;<1.2;<1.2;<1.2;<1.2;<2.3;<0.12;<0.12;<0.23;<0.23;<0.12;<0.12;0.18;<1.2;<0.12;<0.12;0.46;0.43;<0.12;<2.3;<1.2;<1.2;<0.23
4;2023-09-13;UppC;Uppsala;UppC_01SD;<0.22;<0.22;<0.44;<2.2;<2.2;<2.2;<2.2;<0.22;<2.2;<2.2;<2.2;<2.2;<4.4;<0.22;<0.22;<0.44;<0.44;<0.22;<0.22;0.3;<2.2;<0.22;<0.22;0.29;0.43;<0.22;<4.4;<2.2;<2.2;<0.44
5;2023-09-16;NrkA;Norrköping;NrkA_01SD;<0.1;<0.1;<0.2;<1;<1;<1;<1;<0.1;<1;<1;<1;<1;<2;<0.1;<0.1;<0.2;<0.2;<0.1;<0.1;<0.1;<1;<0.1;<0.1;<0.1;<0.1;<0.1;<2;<1;<1;<0.2
6;2023-09-15;NrkB;Norrköping;NrkB_01SD;<0.1;<0.1;<0.2;<1;<1;<1;<1;<0.1;<1;<1;<1;<1;<2;<0.1;<0.1;<0.2;<0.2;<0.1;<0.1;<0.1;<1;<0.1;<0.1;<0.1;<0.1;<0.1;<2;<1;<1;<0.2
7;2023-09-15;NrkC;Norrköping;NrkC_01SD;<0.12;<0.12;<0.24;<1.2;<1.2;<1.2;<1.2;<0.12;<1.2;<1.2;<1.2;<1.2;<2.4;<0.12;0.26;<0.24;<0.24;0.57;<0.12;1.4;<1.2;<0.12;0.43;3.1;1;<0.12;<2.4;<1.2;<1.2;<0.24
8;2023-09-17;SdkA;Söderköping;SdkA_01SD;<0.17;<0.17;<0.34;<1.7;<1.7;<1.7;<1.7;<0.17;<1.7;<1.7;<1.7;<1.7;<3.4;<0.17;<0.17;<0.34;<0.34;<0.17;<0.17;<0.17;<1.7;<0.17;<0.17;<0.17;<0.17;<0.17;<3.4;<1.7;<1.7;<0.34
9;2023-09-16;SdkB;Söderköping;SdkB_01SD;<0.15;<0.15;<0.29;<1.5;<1.5;<1.5;<1.5;<0.15;<1.5;<1.5;<1.5;<1.5;<2.9;<0.15;<0.15;<0.29;<0.29;<0.15;<0.15;<0.15;<1.5;<0.15;<0.15;<0.15;<0.15;<0.15;<2.9;<1.5;<1.5;<0.29
10;2023-09-17;SdkC;Söderköping;SdkC_01SD;<0.1;<0.1;<0.2;<1;<1;<1;<1;<0.1;<1;<1;<1;<1;<2;<0.1;<0.1;<0.2;<0.2;<0.1;<0.1;<0.1;<1;<0.1;<0.1;<0.1;<0.1;<0.1;<2;<1;<1;<0.2
;;;;;;;;;;;;;;;;;;;;;;;;;;;;;;;;;;
;;;;;;;;;;;;;;;;;;;;;;;;;;;;;;;;;;
