No;Date;Sample_Label;Sample_Site;City;PFBA;PFPeA;PFHxA;PFHpA;PFOA;PFNA;PFDA;PFUnDA;PFDoDA;PFTeDA;PFHxDA;HPFHpA;PF37DMOA;PFBS;PFHxS;PFHpS;PFOS;PFDS;4_2FTS;6_2FTS;8_2FTS;EtFOSA;EtFOSE;EtFOSAA;MeFOSAA;MeFOSA;MeFOSE;FOSAA;PFNS;PFTrDA;PFDoDS;PFPeS;PFTrDS;PFUnDS;FOSA
1;2023-09-14;UppA_01SD;UppA;Uppsala;1.1;<0.047;<0.047;<0.047;0.67;<0.047;<0.16;<0.16;<0.16;<0.047;<0.047;<0.16;<0.78;<0.047;0.051;<0.047;1.4;<0.047;<0.047;<0.047;<0.16;<0.31;<0.16;<0.16;<0.047;<0.047;<0.047;<0.16;<0.31;<0.16;<1.6;<0.16;<1.6;<1.6;<0.16
2;2023-09-13;UppB1_01SD;UppB1;Uppsala;<0.14;<0.041;<0.041;<0.041;<0.041;<0.041;<0.14;<0.14;<0.14;0.11;<0.041;<0.14;<0.68;<0.041;<0.041;<0.041;0.45;<0.041;<0.041;<0.041;<0.14;<0.28;0.15;0.43;<0.041;<0.041;<0.041;<0.14;<0.28;<0.14;<1.4;<0.14;<1.4;<1.4;<0.14
3;2023-09-13;UppB2_01SD;UppB2;Uppsala;0.21;<0.042;<0.042;<0.042;0.16;<0.042;<0.14;<0.14;<0.14;0.082;<0.042;<0.14;<0.69;<0.042;0.084;<0.042;0.55;<0.042;<0.042;<0.042;<0.14;<0.28;<0.14;0.2;<0.042;<0.042;<0.042;<0.14;<0.28;<0.14;<1.4;<0.14;<1.4;<1.4;<0.14
4;2023-09-13;UppC_01SD;UppC;Uppsala;<0.26;<0.078;<0.078;<0.078;<0.078;<0.078;<0.26;<0.26;<0.26;0.11;<0.078;<0.26;<1.3;<0.078;<0.078;<0.078;0.69;<0.078;<0.078;<0.078;<0.26;<0.52;<0.26;<0.26;<0.078;<0.078;<0.078;<0.26;<0.52;<0.26;<2.6;<0.26;<2.6;<2.6;<0.26
5;2023-09-16;NrkA_01SD;NrkA;Norrköping;<0.1;<0.03;<0.03;<0.03;<0.03;0.068;<0.1;<0.1;<0.1;<0.03;<0.03;<0.1;<0.5;<0.03;<0.03;<0.03;0.032;<0.03;<0.03;<0.03;<0.1;<0.2;<0.1;<0.1;<0.03;<0.03;<0.03;<0.1;<0.2;<0.1;<1;<0.1;<1;<1;<0.1
6;2023-09-15;NrkB_01SD;NrkB;Norrköping;<0.11;<0.031;<0.031;<0.031;<0.031;<0.031;<0.11;<0.11;<0.11;<0.031;<0.031;<0.11;<0.51;<0.031;<0.031;<0.031;0.084;<0.031;<0.031;<0.031;<0.11;<0.21;<0.11;<0.11;<0.031;<0.031;<0.031;<0.11;<0.21;<0.11;<1.1;<0.11;<1.1;<1.1;<0.11
7;2023-09-15;NrkC_01SD;NrkC;Norrköping;<0.15;<0.044;<0.044;<0.044;0.11;0.65;<0.15;<0.15;0.15;0.096;<0.044;<0.15;<0.72;<0.044;0.11;<0.044;1.7;0.067;<0.044;<0.044;<0.15;<0.29;<0.15;0.23;<0.044;<0.044;<0.044;<0.15;<0.29;0.55;<1.5;<0.15;<1.5;<1.5;0.62
8;2023-09-17;SdkA_01SD;SdkA;Söderköping;<0.21;<0.061;<0.061;<0.061;<0.061;<0.061;<0.21;<0.21;<0.21;<0.061;<0.061;<0.21;<1.1;<0.061;<0.061;<0.061;0.13;<0.061;<0.061;<0.061;<0.21;<0.41;<0.21;<0.21;<0.061;<0.061;<0.061;<0.21;<0.41;<0.21;<2.1;<0.21;<2.1;<2.1;<0.21
9;2023-09-16;SdkB_01SD;SdkB;Söderköping;<0.18;<0.052;<0.052;<0.052;<0.052;<0.052;<0.18;<0.18;<0.18;<0.052;<0.052;<0.18;<0.86;<0.052;<0.052;<0.052;0.06;<0.052;<0.052;<0.052;<0.18;<0.35;<0.18;<0.18;<0.052;<0.052;<0.052;<0.18;<0.35;<0.18;<1.8;<0.18;<1.8;<1.8;<0.18
10;2023-09-17;SdkC_01SD;SdkC;Söderköping;<0.12;<0.036;<0.036;<0.036;<0.036;<0.036;<0.12;<0.12;<0.12;<0.036;<0.036;<0.12;<0.6;<0.036;<0.036;<0.036;0.062;<0.036;<0.036;<0.036;<0.12;<0.24;<0.12;<0.12;<0.036;<0.036;<0.036;<0.12;<0.24;<0.12;<1.2;<0.12;<1.2;<1.2;<0.12
;;;;;;;;;;;;;;;;;;;;;;;;;;;;;;;;;;;;;;;
;;;;;;;;;;;;;;;;;;;;;;;;;;;;;;;;;;;;;;;
