Event No;Date;Sample_Site;Event_Type;Event_Code;City;Sample_Label;PFBA;PFPeA;PFHxA;PFHpA;PFOA;PFNA;PFDA;PFBS;PFHxS;PFOS;6:2 FTS;PFUnDA;PFDoDA;PFTrDA;PFPeS ;PFHpS;PFNS ;PFDS;PFUnDS;PFDoDS;PFTrDS;4:2 FTS ;8:2 FTS;FOSA;MeFOSA;EtFOSE;MeFOSE;EtFOSA;FOSAA ;MeFOSAA;EtFOSAA;HPFHpA;PF37DMOA ;PFTeDA
1;2022-07-06;UppA;Dry Weather;01BF;Uppsala;UppA_01BF;<2;<12;0.85;0.39;1.19;<0.3;<0.3;0.64;4.11;3.53;<0.3;<0.3;<0.3;<0.3;0.48;<0.3;<0.3;<0.3;<1;<0.3;<1;<0.3;<0.3;<0.3;<2;<2;<2;<2;<1;<1;<1;<1;<1;<0.3
1;2022-07-07;UppB2;Dry Weather;01BF;Uppsala;UppB2_01BF;<2;<15;2.21;1.01;3.09;0.61;0.44;0.77;3.62;4.15;0.42;<0.3;<0.3;<0.3;0.45;<0.3;<0.3;<0.3;<1;<0.3;<1;<0.3;<0.3;<0.3;<2;<2;<2;<2;<1;<1;<1;<1;<1;<0.3
2;2022-08-17;UppA;Dry Weather;02BF;Uppsala;UppA_02BF;<2;<0.3;<0.3;<0.3;<0.3;<0.3;<0.3;<0.3;<0.3;<0.3;<0.3;<0.3;<0.3;<0.3;<0.3;<0.3;<0.3;<0.3;<1;<0.3;<1;<0.3;<0.3;<0.3;<2;<2;<2;<2;<1;<1;<1;<1;<1;<0.3
2;2022-08-17;UppB1;Dry Weather;02BF;Uppsala;UppB1_02BF;<2;<0.3;<0.3;<0.3;<0.3;<0.3;<0.3;<0.3;<0.3;<0.3;<0.3;<0.3;<0.3;<0.3;<0.3;<0.3;<0.3;<0.3;<1;<0.3;<1;<0.3;<0.3;<0.3;<2;<2;<2;<2;<1;<1;<1;<1;<1;<0.3
2;2022-08-17;UppB2;Dry Weather;02BF;Uppsala;UppB2_02BF;<2;<0.3;<0.3;<0.3;<0.3;<0.3;<0.3;<0.3;<0.3;<0.3;<0.3;<0.3;<0.3;<0.3;<0.3;<0.3;<0.3;<0.3;<1;<0.3;<1;<0.3;<0.3;<0.3;<2;<2;<2;<2;<1;<1;<1;<1;<1;<0.3
2;2022-08-17;UppC;Dry Weather;02BF;Uppsala;UppC_02BF;<2;<0.3;<0.3;<0.3;<0.3;<0.3;<0.3;<0.3;<0.3;<0.3;<0.3;<0.3;<0.3;<0.3;<0.3;<0.3;<0.3;<0.3;<1;<0.3;<1;<0.3;<0.3;<0.3;<2;<2;<2;<2;<1;<1;<1;<1;<1;<0.3
3;2022-08-28;UppA;Wet Weather;01RE;Uppsala;UppA_01RE;<2;<12;1.23;0.76;1.09;0.32;<0.3;1.7;7.58;10.9;<0.3;<0.3;<0.3;<0.3;1.15;0.34;<0.3;<0.3;<1;<0.3;<1;<0.3;<0.3;<0.3;<2;<2;<2;<2;<1;<1;<1;<1;<1;<0.3
3;2022-08-28;UppB1;Wet Weather;01RE;Uppsala;UppB1_01RE;<8;<12;3.24;1.74;3.15;1.25;1.21;1.23;3.6;10;3.45;0.39;<0.3;<0.3;0.5;<0.3;<0.3;<0.3;<1;<0.3;<1;<0.3;<0.3;<0.3;<2;<2;<2;<2;<1;<1;<1;<1;<1;<0.3
3;2022-08-28;UppB2;Wet Weather;01RE;Uppsala;UppB2_01RE;<8;<10.8;4.04;1.69;3.64;1.3;1.37;1.55;4.6;11.7;2.63;0.42;<0.3;<0.3;0.76;<0.3;<0.3;<0.3;<1;<0.3;<1;<0.3;<0.3;<0.3;<2;<2;<2;<2;<1;<1;<1;<1;<1;<0.3
3;2022-08-28;UppC;Wet Weather;01RE;Uppsala;UppC_01RE;<8;<11.1;3.51;1.45;2.96;1.1;1.12;1.39;4.26;8.72;1.94;<0.3;<0.3;<0.3;0.66;<0.3;<0.3;<0.3;<1;<0.3;<1;<0.3;<0.3;<0.3;<2;<2;<2;<2;<1;<1;<1;<1;<1;<0.3
4;2022-09-13;UppA;Wet Weather;02RE;Uppsala;UppA_02RE;<2;<13.5;0.77;0.47;0.59;<0.3;<0.3;0.88;4.84;4.12;<0.3;<0.3;<0.3;<0.3;0.95;<0.3;<0.3;<0.3;<1;<0.3;<1;<0.3;<0.3;<0.3;<2;<2;<2;<2;<1;<1;<1;<1;<1;<0.3
4;2022-09-13;UppB1;Wet Weather;02RE;Uppsala;UppB1_02RE;<6;<12;2.39;0.95;1.73;0.45;0.5;1.25;4.68;4.22;0.56;<0.3;<0.3;<0.3;0.73;<0.3;<0.3;<0.3;<1;<0.3;<1;<0.3;<0.3;<0.3;<2;<2;<2;<2;<1;<1;<1;<1;<1;<0.3
4;2022-09-13;UppB2;Wet Weather;02RE;Uppsala;UppB2_02RE;5.5;<10.5;3.37;0.9;1.71;0.38;0.38;1.37;4.97;3.94;0.42;<0.3;<0.3;<0.3;0.96;<0.3;<0.3;<0.3;<1;<0.3;<1;<0.3;<0.3;<0.3;<2;<2;<2;<2;<1;<1;<1;<1;<1;<0.3
4;2022-09-13;UppC;Wet Weather;02RE;Uppsala;UppC_02RE;5.4;<10.5;2.15;0.83;1.49;0.31;<0.3;1.35;5.08;4.49;0.32;<0.3;<0.3;<0.3;0.88;<0.3;<0.3;<0.3;<1;<0.3;<1;<0.3;<0.3;<0.3;<2;<2;<2;<2;<1;<1;<1;<1;<1;<0.3
5;2022-10-17;UppA;Wet Weather;03RE;Uppsala;UppA_03RE;<2;<15;<0.9;<0.3;0.35;<0.3;<0.3;<3.9;1.63;1.63;<0.3;<0.3;<0.3;<0.3;0.51;<0.3;<0.3;<0.3;<1;<0.3;<1;<0.3;<0.3;<0.3;<2;<2;<2;<2;<1;<1;<1;<1;<1;<0.3
5;2022-10-17;UppB1;Wet Weather;03RE;Uppsala;UppB1_03RE;<4;<10.5;0.87;0.5;0.6;1.33;<0.3;0.68;2.21;2.02;<0.3;<0.3;<0.3;<0.3;<0.3;<0.3;<0.3;<0.3;<1;<0.3;<1;<0.3;<0.3;<0.3;<2;<2;<2;<2;<1;<1;<1;<1;<1;<0.3
5;2022-10-17;UppB2;Wet Weather;03RE;Uppsala;UppB2_03RE;<12;<12;1.69;0.6;0.8;1.57;<0.3;0.87;2.52;2.27;<0.3;<0.3;<0.3;<0.3;0.58;<0.3;<0.3;<0.3;<1;<0.3;<1;<0.3;<0.3;<0.3;<2;<2;<2;<2;<1;<1;<1;<1;<1;<0.3
5;2022-10-17;UppC;Wet Weather;03RE;Uppsala;UppC_03RE;8.3;<12.9;1.14;0.44;0.62;<0.3;<0.3;0.96;2.46;2.16;<0.3;<0.3;<0.3;<0.3;0.47;<0.3;<0.3;<0.3;<1;<0.3;<1;<0.3;<0.3;<0.3;<2;<2;<2;<2;<1;<1;<1;<1;<1;<0.3
6;2023-04-21;UppA;Dry Weather;03BF;Uppsala;UppA_03BF;<10;<9;<0.3;<0.3;<0.3;<0.3;<0.3;0.56;0.92;1.1;<0.3;<0.3;<0.3;<0.3;<0.3;<0.3;<0.3;<0.3;<1;<0.3;<1;<0.3;<0.3;<0.3;<2;<2;<2;<2;<1;<1;<1;<1;<1;<0.3
6;2023-04-22;UppB1;Dry Weather;03BF;Uppsala;UppB1_03BF;<10;<9;<0.3;0.31;0.33;<0.3;<0.3;0.61;1.35;1.7;<0.3;<0.3;<0.3;<0.3;<0.3;<0.3;<0.3;<0.3;<1;<0.3;<1;<0.3;<0.3;<0.3;<2;<2;<2;<2;<1;<1;<1;<1;<1;<0.3
6;2023-04-23;UppB2;Dry Weather;03BF;Uppsala;UppB2_03BF;<10;<9;0.68;<0.3;0.54;<0.3;<0.3;0.68;1.69;1.99;<0.3;<0.3;<0.3;<0.3;<0.3;<0.3;<0.3;<0.3;<1;<0.3;<1;<0.3;<0.3;<0.3;<2;<2;<2;<2;<1;<1;<1;<1;<1;<0.3
6;2023-04-24;UppC;Dry Weather;03BF;Uppsala;UppC_03BF;<10;<9;0.38;<0.3;0.38;<0.3;<0.3;0.7;1.34;1.74;<0.3;<0.3;<0.3;<0.3;<0.3;<0.3;<0.3;<0.3;<1;<0.3;<1;<0.3;<0.3;<0.3;<2;<2;<2;<2;<1;<1;<1;<1;<1;<0.3
7;2023-06-16;UppA;Dry Weather;04BF;Uppsala;UppA_04BF ;<6;<5.4;0.57;0.31;0.47;<0.3;<0.3;0.62;4.68;3.15;<0.3;<0.3;<0.3;<0.3;0.47;<0.3;<0.3;<0.3;<1;<0.3;<1;<0.3;<0.3;<0.3;<2;<2;<2;<2;<1;<1;<1;<1;<1;<0.3
7;2023-06-16;UppB1;Dry Weather;04BF;Uppsala;UppB1_04BF ;<6;<5.7;0.54;0.3;0.54;<0.3;<0.3;0.55;3.42;2.48;<0.3;<0.3;<0.3;<0.3;0.51;<0.3;<0.3;<0.3;<1;<0.3;<1;<0.3;<0.3;<0.3;<2;<2;<2;<2;<1;<1;<1;<1;<1;<0.3
7;2023-06-16;UppB2;Dry Weather;04BF;Uppsala;UppB2_04BF ;<6;<5.1;0.69;0.31;0.64;<0.3;<0.3;0.71;3.65;2.97;<0.3;<0.3;<0.3;<0.3;<0.6;<0.3;<0.3;<0.3;<1;<0.3;<1;<0.3;<0.3;<0.3;<2;<2;<2;<2;<1;<1;<1;<1;<1;<0.3
7;2023-06-16;UppC;Dry Weather;04BF;Uppsala;UppC_04BF ;<6;<5.1;0.82;0.35;0.63;<0.3;<0.3;0.66;3.61;2.96;<0.3;<0.3;<0.3;<0.3;<0.6;<0.3;<0.3;<0.3;<1;<0.3;<1;<0.3;<0.3;<0.3;<2;<2;<2;<2;<1;<1;<1;<1;<1;<0.3
8;2023-08-16;UppA;Wet Weather;05RE;Uppsala;UppA_05RE;4.7;<18;0.38;0.48;1.08;<0.3;<0.3;0.46;0.98;1.54;<0.3;<0.3;<0.3;<0.3;<0.3;<0.3;<0.3;<0.3;<1;<0.3;<1;<0.3;<0.3;<0.3;<2;<2;<2;<2;<1;<1;<1;<1;<1;<0.3
8;2023-08-16;UppB1;Wet Weather;05RE;Uppsala;UppB1_05RE;<12;<18;0.95;0.62;0.91;<0.3;<0.3;0.5;1.32;2.02;0.93;<0.3;<0.3;<0.3;<0.3;<0.3;<0.3;<0.3;<1;<0.3;<1;<0.3;<0.3;<0.3;<2;<2;<2;<2;<1;<1;<1;<1;<1;<0.3
8;2023-08-16;UppB2;Wet Weather;05RE;Uppsala;UppB2_05RE;<12;<18;1.34;0.68;1.14;0.31;0.3;0.6;2.03;3.3;0.93;<0.3;<0.3;<0.3;<0.3;<0.3;<0.3;<0.3;<1;<0.3;<1;<0.3;<0.3;<0.3;<2;<2;<2;<2;<1;<1;<1;<1;<1;<0.3
8;2023-08-16;UppC;Wet Weather;05RE;Uppsala;UppC_05RE;<12;<18;1.19;0.58;0.93;<0.3;<0.3;0.63;1.78;2.53;1.44;<0.3;<0.3;<0.3;<0.3;<0.3;<0.3;<0.3;<1;<0.3;<1;<0.3;<0.3;<0.3;<2;<2;<2;<2;<1;<1;<1;<1;<1;<0.3
9;2023-08-28;UppA;Wet Weather;06RE;Uppsala;UppA_06RE;<16;<30;<1.2;0.61;0.67;<0.3;<0.3;0.61;2.24;3.97;<0.3;<0.3;<0.3;<0.3;0.43;<0.3;<0.3;<0.3;<1;<0.3;<1;<0.3;<0.3;<0.3;<2;<2;<2;<2;<1;<1;<1;<1;<1;<0.3
9;2023-08-28;UppB1;Wet Weather;06RE;Uppsala;UppB1_06RE;<16;<30;1.1;0.74;0.98;<0.3;<0.3;0.55;2.56;3.81;<0.3;<0.3;<0.3;<0.3;0.54;<0.3;<0.3;<0.3;<1;<0.3;<1;<0.3;<0.3;<0.3;<2;<2;<2;<2;<1;<1;<1;<1;<1;<0.3
9;2023-08-28;UppB2;Wet Weather;06RE;Uppsala;UppB2_06RE;<16;<30;<2.4;0.83;1.16;<0.3;<0.3;0.76;2.83;5.11;<0.3;<0.3;<0.3;<0.3;0.51;<0.3;<0.3;<0.3;<1;<0.3;<1;<0.3;<0.3;<0.3;<2;<2;<2;<2;<1;<1;<1;<1;<1;<0.3
9;2023-08-28;UppC;Wet Weather;06RE;Uppsala;UppC_06RE;<20;<30;1.48;0.64;0.86;<0.3;<0.3;0.6;2.7;3.63;<0.3;<0.3;<0.3;<0.3;0.55;<0.3;<0.3;<0.3;<1;<0.3;<1;<0.3;<0.3;<0.3;<2;<2;<2;<2;<1;<1;<1;<1;<1;<0.3
10;2023-09-19;UppA;Wet Weather;07RE;Uppsala;UppA_07RE;5.79;<0.6;0.895;0.787;0.87;<0.3;<0.3;1.01;1.98;3.18;<0.3;6.03;<0.3;<0.3;<0.3;<0.3;<0.3;<0.3;<1;<0.3;<1;<0.3;<0.3;<0.3;<2;<2;<2;<2;<1;<1;<1;<1;<1;<0.3
10;2023-09-19;UppB1;Wet Weather;07RE;Uppsala;UppB1_07RE;5.32;0.911;1.31;0.859;1.08;0.384;<0.3;1.1;1.55;2.58;0.393;5.59;<0.3;<0.3;<0.3;<0.3;<0.3;<0.3;<1;<0.3;<1;<0.3;<0.3;<0.3;<2;<2;<2;<2;<1;<1;<1;<1;<1;<0.3
10;2023-09-19;UppB2;Wet Weather;07RE;Uppsala;UppB2_07RE;5.67;<0.6;1.34;0.862;1.1;0.387;<0.3;1.05;1.83;2.52;0.893;5.84;<0.3;<0.3;<0.3;<0.3;<0.3;<0.3;<1;<0.3;<1;<0.3;<0.3;<0.3;<2;<2;<2;<2;<1;<1;<1;<1;<1;<0.3
10;2023-09-19;UppC;Wet Weather;07RE;Uppsala;UppC_07RE;5.08;1.78;1.37;0.892;1.26;0.393;<0.3;1.38;2.01;2.62;1.41;6.28;<0.3;<0.3;<0.3;<0.3;<0.3;<0.3;<1;<0.3;<1;<0.3;<0.3;<0.3;<2;<2;<2;<2;<1;<1;<1;<1;<1;<0.3
11;2022-10-05;NrkA;Dry Weather;01BF;Norrköping;NrkA_01BF ;<6;<7.8;0.96;0.89;1.63;0.51;<0.3;0.46;0.63;1.91;<0.3;<0.3;<0.3;<0.3;<0.3;<0.3;<0.3;<0.3;<1;<0.3;<1;<0.3;<0.3;<0.3;<2;<2;<2;<2;<1;<1;<1;<1;<1;<0.3
11;2022-10-05;NrkB;Dry Weather;01BF;Norrköping;NrkB_01BF ;4.3;<12.6;3.52;1.84;3.22;0.5;<0.3;0.89;1.26;3.41;0.4;<0.3;<0.3;<0.3;<0.3;<0.3;<0.3;<0.3;<1;<0.3;<1;<0.3;<0.3;<0.3;<2;<2;<2;<2;<1;<1;<1;<1;<1;<0.3
11;2022-10-05;NrkC;Dry Weather;01BF;Norrköping;NrkC_01BF ;<8;14.2;8.08;4.95;8.06;<1.2;<1.2;1.5;7.94;35.9;1.66;<1.2;<1.2;<1.2;<1.2;<1.2;<1.2;<1.2;<4;<1.2;<4;<1.2;<1.2;2.37;<8;<8;<8;<8;<4;<4;<4;<4;<4;<1.2
12;2022-10-17;NrkA;Wet Weather;02RE ;Norrköping;NrkA_02RE ;<2;<5.7;1;0.97;1.51;0.45;<0.3;0.47;0.62;1.41;<0.3;<0.3;<0.3;<0.3;<0.3;<0.3;<0.3;<0.3;<1;<0.3;<1;<0.3;<0.3;<0.3;<2;<2;<2;<2;<1;<1;<1;<1;<1;<0.3
12;2022-10-17;NrkB;Wet Weather;02RE ;Norrköping;NrkB_02RE ;<4;<9.6;<2.7;1.46;2.77;0.71;0.55;0.55;1.02;3.25;<0.3;<0.3;<0.3;<0.3;<0.3;<0.3;<0.3;<0.3;<1;<0.3;<1;<0.3;<0.3;<0.3;<2;<2;<2;<2;<1;<1;<1;<1;<1;<0.3
12;2022-10-05;NrkC;Wet Weather;02RE ;Norrköping;NrkC_02RE ;<8;11.4;7.14;4.04;6.38;<1.2;<1.2;<1.2;8.61;38.6;1.83;<1.2;<1.2;<1.2;<1.2;<1.2;<1.2;<1.2;<4;<1.2;<4;<1.2;<1.2;1.39;<8;<8;<8;<8;<4;<4;<4;<4;<4;<1.2
13;2022-11-28;NrkA;Wet Weather;01SM;Norrköping;NrkA_01SM ;<4;<9.6;1.31;0.92;0.89;<0.3;<0.3;0.47;0.48;0.76;<0.3;<0.3;<0.3;<0.3;<0.3;<0.3;<0.3;<0.3;<1;<0.3;<1;<0.3;<0.3;<0.3;<2;<2;<2;2;<1;<1;<1;<1;<1;<0.3
13;2022-11-28;NrkB;Wet Weather;01SM;Norrköping;NrkB_01SM;<2;<9.9;1.72;0.83;1.05;<0.3;<0.3;0.92;0.73;1.44;<0.3;<0.3;<0.3;<0.3;<0.3;<0.3;<0.3;<0.3;<1;<0.3;<1;<0.3;<0.3;<0.3;<2;<2;<2;2;<1;<1;<1;<1;<1;<0.3
13;2022-11-28;NrkC;Wet Weather;01SM;Norrköping;NrkC_01SM;<2;10.2;6.29;3.29;3.7;0.66;0.35;1.88;8.86;20.4;6.24;<0.3;<0.3;<0.3;1.39;0.45;<0.3;<0.3;<1;<0.3;<1;<0.3;0.4;0.93;<2;<2;<2;2;<1;<1;<1;<1;<1;<0.3
14;2023-04-20;NrkA;Dry Weather;02BF;Norrköping;NrkA_02BF ;<10;<15.9;0.62;0.66;0.66;<0.3;<0.3;0.32;0.48;0.59;<0.3;<0.3;<0.3;<0.3;<0.6;<0.3;<0.3;<0.3;<1;<0.3;<1;<0.3;<0.3;<0.3;<2;<2;<2;<2;<1;<1;<1;<1;<1;<0.3
14;2023-04-20;NrkB;Dry Weather;02BF;Norrköping;NrkB_02BF ;<10;<10.5;0.59;0.63;0.68;<0.3;<0.3;0.42;0.6;0.77;<0.3;<0.3;<0.3;<0.3;<0.6;<0.3;<0.3;<0.3;<1;<0.3;<1;<0.3;<0.3;<0.3;<2;<2;<2;<2;<1;<1;<1;<1;<1;<0.3
14;2023-04-20;NrkC;Dry Weather;02BF;Norrköping;NrkC_02BF ;<10;<11.7;1.5;0.99;0.96;<0.3;<0.3;0.62;1.98;2.81;<0.3;<0.3;<0.3;<0.3;<0.3;<0.3;<0.3;<0.3;<1;<0.3;<1;<0.3;<0.3;<0.3;<2;<2;<2;<2;<1;<1;<1;<1;<1;<0.3
15;2023-06-02;NrkA;Dry Weather;03BF;Norrköping;NrkA_03BF ;<14;<10.2;1.05;0.74;0.73;<0.3;<0.3;0.44;1.02;1.28;<0.3;<0.3;<0.3;<0.3;<0.3;<0.3;<0.3;<0.3;<1;<0.3;<1;<0.3;<0.3;<0.3;<2;<2;<2;<2;<1;<1;<1;<1;<1;<0.3
15;2023-06-02;NrkB;Dry Weather;03BF;Norrköping;NrkB_03BF ;<10;<9.9;1.17;0.81;0.94;<0.3;<0.3;0.43;0.9;1.32;0.36;<0.3;<0.3;<0.3;<0.3;<0.3;<0.3;<0.3;<1;<0.3;<1;<0.3;<0.3;<0.3;<2;<2;<2;<2;<1;<1;<1;<1;<1;<0.3
15;2023-06-02;NrkC;Dry Weather;03BF;Norrköping;NrkC_03BF ;<10;<11.7;2.29;1.31;1.52;0.33;<0.3;0.61;2.63;5.18;1.04;<0.3;<0.3;<0.3;<0.3;<0.3;<0.3;<0.3;<1;<0.3;<1;<0.3;<0.3;<0.3;<2;<2;<2;<2;<1;<1;<1;<1;<1;<0.3
16;2023-06-18;NrkA;Wet Weather;03RE;Norrköping;NrkA_03RE ;<26;<12.9;0.7;0.7;0.76;<0.3;<0.3;0.41;0.51;0.77;<0.3;<0.3;<0.3;<0.3;<0.3;<0.3;<0.3;<0.3;<1;<0.3;<1;<0.3;<0.3;<0.3;<2;<2;<2;<2;<1;<1;<1;<1;<1;<0.3
16;2023-06-18;NrkB;Wet Weather;03RE;Norrköping;NrkB_03RE ;<78;<89.7;<23.7;1.64;2.94;1.3;1.57;0.67;0.62;2.29;16.6;0.44;<0.3;<0.3;<1.5;<0.3;<0.3;<0.3;<1;<0.3;<1;<0.3;<0.3;<0.3;<2;<2;<2;<2;<1;<1;<1;<1;<1;<0.3
16;2023-06-18;NrkC;Wet Weather;03RE;Norrköping;NrkC_03RE ;<90;<102;<2.7;2.24;4.16;1.42;1.61;1.08;2.15;9.49;27.1;0.42;<0.3;<0.3;0.53;<0.3;<0.3;<0.3;<1;<0.3;<1;<0.3;2.3;0.64;<2;<2;<2;<2;<1;<1;<1;<1;<1;<0.3
17;2023-09-19;NrkA;Wet Weather;04RE;Norrköping;NrkA_04RE;<4;<0.6;1.2;1.05;1.11;0.483;<0.3;0.571;0.538;1.4;<0.3;3.53;<0.3;<0.3;<0.3;<0.3;<0.3;<0.3;<1;<0.3;<1;<0.3;<0.3;<0.3;<2;<2;<2;<2;<1;<1;<1;<1;<1;<0.3
17;2023-09-19;NrkB;Wet Weather;04RE;Norrköping;NrkB_04RE;<4;2.84;2.9;2.11;2.6;0.897;0.629;1.24;0.964;2;12.4;6.46;<0.3;<0.3;<0.3;<0.3;<0.3;<0.3;<1;<0.3;<1;<0.3;<0.3;<0.3;<2;<2;<2;<2;<1;<1;<1;<1;<1;<0.3
17;2023-09-19;NrkC;Wet Weather;04RE;Norrköping;NrkC_04RE;5.62;7.14;6.43;3.44;4.76;1.07;0.686;1.26;5;23.8;4.54;34.6;<0.3;<0.3;0.617;<0.3;<0.3;<0.3;<1;<0.3;<1;<0.3;0.648;2.7;<2;<2;<2;<2;<1;<1;<1;<1;<1;<0.3
18;2022-09-13;SdkA;Wet Weather;01RE ;Söderköping;SdkA_01RE ;<2;<12.3;0.46;0.5;0.5;<0.3;<0.3;<0.3;<0.3;0.44;<0.3;<0.3;<0.3;<0.3;<0.3;<0.3;<0.3;<0.3;<1;<0.3;<1;<0.3;<0.3;<0.3;<2;<2;<2;<2;<1;<1;<1;<1;<1;<0.3
18;2022-09-13;SdkB;Wet Weather;01RE ;Söderköping;SdkB_01RE ;<2;<11.7;0.85;0.63;0.82;0.36;<0.3;<0.3;0.34;0.92;<0.3;<0.3;<0.3;<0.3;<0.3;<0.3;<0.3;<0.3;<1;<0.3;<1;<0.3;<0.3;<0.3;<2;<2;<2;<2;<1;<1;<1;<1;<1;<0.3
18;2022-09-13;SdkC;Wet Weather;01RE ;Söderköping;SdkC_01RE ;<4;<9;0.56;0.49;0.61;<0.3;<0.3;<0.3;<0.3;0.72;<0.3;<0.3;<0.3;<0.3;<0.3;<0.3;<0.3;<0.3;<1;<0.3;<1;<0.3;<0.3;<0.3;<2;<2;<2;<2;<1;<1;<1;<1;<1;<0.3
19;2022-10-05;SdkA;Dry Weather;01BF;Söderköping;SdkA_01BF;<4;<7.5;1.36;1.06;1.67;<0.3;<0.3;1.42;0.46;0.81;<0.3;<0.3;<0.3;<0.3;<0.3;<0.3;<0.3;<0.3;<1;<0.3;<1;<0.3;<0.3;<0.3;<2;<2;<2;<2;<1;<1;<1;<1;<1;<0.3
19;2022-10-05;SdkB;Dry Weather;01BF;Söderköping;SdkB_01BF;3.1;<7.5;0.72;0.62;0.89;<0.3;<0.3;0.49;0.48;0.91;<0.3;<0.3;<0.3;<0.3;<0.3;<0.3;<0.3;<0.3;<1;<0.3;<1;<0.3;<0.3;<0.3;<2;<2;<2;<2;<1;<1;<1;<1;<1;<0.3
19;2022-10-05;SdkC;Dry Weather;01BF;Söderköping;SdkC_01BF;<4;<3.9;0.47;0.44;0.69;<0.3;<0.3;<0.3;0.34;0.62;<0.3;<0.3;<0.3;<0.3;<0.3;<0.3;<0.3;<0.3;<1;<0.3;<1;<0.3;<0.3;<0.3;<2;<2;<2;<2;<1;<1;<1;<1;<1;<0.3
20;2022-10-17;SdkA;Wet Weather;02RE;Söderköping;SdkC_02RE;<4;<6;0.91;0.82;1.39;<0.3;<0.3;0.69;<0.3;0.71;<0.3;<0.3;<0.3;<0.3;<0.3;<0.3;<0.3;<0.3;<1;<0.3;<1;<0.3;<0.3;<0.3;<2;<2;<2;<2;<1;<1;<1;<1;<1;<0.3
20;2022-10-17;SdkB;Wet Weather;02RE;Söderköping;SdkC_02RE;<4;<3.9;0.5;0.46;0.69;<0.3;<0.3;<0.3;<0.3;0.87;<0.3;<0.3;<0.3;<0.3;<0.3;<0.3;<0.3;<0.3;<1;<0.3;<1;<0.3;<0.3;<0.3;<2;<2;<2;<2;<1;<1;<1;<1;<1;<0.3
20;2022-10-17;SdkC;Wet Weather;02RE;Söderköping;SdkC_02RE;<4;<3;0.36;0.44;0.64;<0.3;<0.3;<0.3;<0.3;0.55;<0.3;<0.3;<0.3;<0.3;<0.3;<0.3;<0.3;<0.3;<1;<0.3;<1;<0.3;<0.3;<0.3;<2;<2;<2;<2;<1;<1;<1;<1;<1;<0.3
21;2022-11-28;SdkA;Wet Weather;01SM;Söderköping;SdkA_01SM ;<2;<8.1;0.77;0.58;0.74;<0.3;<0.3;0.81;0.34;0.83;<0.3;<0.3;<0.3;<0.3;<0.3;<0.3;<0.3;<0.3;<1;<0.3;<1;<0.3;<0.3;<0.3;<2;<2;<2;<2;<1;<1;<1;<1;<1;<0.3
21;2022-11-28;SdkB;Wet Weather;01SM;Söderköping;SdkB_01SM;<2;<7.5;1.08;0.72;0.76;<0.3;<0.3;0.75;0.83;1.18;<0.3;<0.3;<0.3;<0.3;<0.3;<0.3;<0.3;<0.3;<1;<0.3;<1;<0.3;<0.3;<0.3;<2;<2;<2;<2;<1;<1;<1;<1;<1;<0.3
21;2022-11-28;SdkC;Wet Weather;01SM;Söderköping;SdkC_01SM;<2;<7.5;0.59;0.47;0.55;<0.3;<0.3;0.45;0.4;0.63;<0.3;<0.3;<0.3;<0.3;<0.3;<0.3;<0.3;<0.3;<1;<0.3;<1;<0.3;<0.3;<0.3;<2;<2;<2;<2;<1;<1;<1;<1;<1;<0.3
22;2023-04-20;SdkA;Dry Weather;02BF;Söderköping;SdkA_02BF;<8;<9.9;0.38;0.35;0.43;<0.3;<0.3;<0.3;<0.3;0.36;<0.3;<0.3;<0.3;<0.3;<1.2;<0.3;<0.3;<0.3;<1;<0.3;<1;<0.3;<0.3;<0.3;<2;<2;<2;<2;<1;<1;<1;<1;<1;<0.3
22;2023-04-20;SdkB;Dry Weather;02BF;Söderköping;SdkB_02BF;<6;<13.8;0.44;0.42;0.46;<0.3;<0.3;0.35;0.36;0.58;0.31;<0.3;<0.3;<0.3;<0.6;<0.3;<0.3;<0.3;<1;<0.3;<1;<0.3;<0.3;<0.3;<2;<2;<2;<2;<1;<1;<1;<1;<1;<0.3
22;2023-04-20;SdkC;Dry Weather;02BF;Söderköping;SdkC_02BF;<6;<11.7;<0.3;0.34;0.36;<0.3;<0.3;0.33;<0.3;0.39;<0.3;<0.3;<0.3;<0.3;<0.6;<0.3;<0.3;<0.3;<1;<0.3;<1;<0.3;<0.3;<0.3;<2;<2;<2;<2;<1;<1;<1;<1;<1;<0.3
23;2023-05-17;SdkA;Wet Weather;03RE;Söderköping;SdkA_03RE;3.1;<13.5;0.38;0.44;0.5;<0.3;<0.3;0.45;<0.3;0.4;<0.3;<0.3;<0.3;<0.3;<0.3;<0.3;<0.3;<0.3;<1;<0.3;<1;<0.3;<0.3;<0.3;<2;<2;<2;<2;<1;<1;<1;<1;<1;<0.3
23;2023-05-17;SdkB;Wet Weather;03RE;Söderköping;SdkB_03RE;4.5;<16.5;0.57;0.53;0.74;0.41;<0.3;0.39;<0.3;0.61;0.3;<0.3;<0.3;<0.3;<0.3;<0.3;<0.3;<0.3;<1;<0.3;<1;<0.3;<0.3;<0.3;<2;<2;<2;<2;<1;<1;<1;<1;<1;<0.3
23;2023-05-17;SdkC;Wet Weather;03RE;Söderköping;SdkC_03RE;2.8;<10.5;<0.3;0.31;0.38;<0.3;<0.3;<0.3;<0.3;0.34;<0.3;<0.3;<0.3;<0.3;<0.3;<0.3;<0.3;<0.3;<1;<0.3;<1;<0.3;<0.3;<0.3;<2;<2;<2;<2;<1;<1;<1;<1;<1;<0.3
24;2023-06-02;SdkA;Dry Weather;03BF;Söderköping;SdkA_03BF;<8;<9.6;0.37;0.39;0.4;<0.3;<0.3;<0.3;<0.3;0.45;<0.3;<0.3;<0.3;<0.3;<0.3;<0.3;<0.3;<0.3;<1;<0.3;<1;<0.3;<0.3;<0.3;<2;<2;<2;<2;<1;<1;<1;<1;<1;<0.3
24;2023-06-02;SdkB;Dry Weather;03BF;Söderköping;SdkB_03BF;<8;<8.1;0.32;0.42;0.43;<0.3;<0.3;<0.3;<0.3;0.45;<0.3;<0.3;<0.3;<0.3;<0.3;<0.3;<0.3;<0.3;<1;<0.3;<1;<0.3;<0.3;<0.3;<2;<2;<2;<2;<1;<1;<1;<1;<1;<0.3
24;2023-06-02;SdkC;Dry Weather;03BF;Söderköping;SdkC_03BF;<6;<6;<0.3;0.33;0.39;<0.3;<0.3;<0.3;<0.3;0.39;<0.3;<0.3;<0.3;<0.3;<0.3;<0.3;<0.3;<0.3;<1;<0.3;<1;<0.3;<0.3;<0.3;<2;<2;<2;<2;<1;<1;<1;<1;<1;<0.3
25;2023-06-18;SdkA;Wet Weather;04RE;Söderköping;SdkA_04RE ;<18;<23.7;0.4;0.39;0.43;<0.3;<0.3;<1.2;<0.3;0.4;<0.3;<0.3;<0.3;<0.3;<0.6;<0.3;<0.3;<0.3;<1;<0.3;<1;<0.3;<0.3;<0.3;<2;<2;<2;<2;<1;<1;<1;<1;<1;<0.3
25;2023-06-18;SdkB;Wet Weather;04RE;Söderköping;SdkB_04RE ;<36;<34.5;0.74;0.69;1.18;0.62;0.47;<0.3;<0.3;1.18;0.42;<0.3;<0.3;<0.3;<0.6;<0.3;<0.3;<0.3;<1;<0.3;<1;<0.3;<0.3;<0.3;<2;<2;<2;<2;<1;<1;<1;<1;<1;<0.3
25;2023-06-18;SdkC;Wet Weather;04RE;Söderköping;SdkC_04RE ;<12;<19.2;<0.3;<0.3;0.41;<0.3;<0.3;<1.2;<0.3;0.46;<0.3;<0.3;<0.3;<0.3;<0.3;<0.3;<0.3;<0.3;<1;<0.3;<1;<0.3;<0.3;<0.3;<2;<2;<2;<2;<1;<1;<1;<1;<1;<0.3
26;2023-10-03;NrkA;Wet Weather;05RE;Norrköping;NrkA_05RE;<2;2.02;1.26;1.04;1.14;0.424;<0.3;0.801;0.59;1.07;<0.3;3.22;<0.3;<0.3;<0.3;<0.3;<0.3;<0.3;<1;<0.3;<1;<0.3;<0.3;<0.3;<2;<2;<2;<2;<1;<1;<1;<1;<1;<0.3
26;2023-10-03;NrkB;Wet Weather;05RE;Norrköping;NrkB_05RE;<2;1.31;1.15;1.05;1.38;0.522;0.532;<0.3;0.361;1.54;1.15;3.8;<0.3;<0.3;<0.3;<0.3;<0.3;<0.3;<1;<0.3;<1;<0.3;<0.3;<0.3;<2;<2;<2;<2;<1;<1;<1;<1;<1;<0.3
26;2023-10-03;NrkC;Wet Weather;05RE;Norrköping;NrkC_05RE;<2;6;4.22;2.32;2.79;0.756;0.662;<0.3;5.95;19.3;5.36;28.8;<0.3;<0.3;0.405;0.443;<0.3;<0.3;<1;<0.3;<1;<0.3;0.756;1.54;<2;<2;<2;<2;<1;<1;<1;<1;<1;<0.3
27;2023-10-03;SdkA;Wet Weather;05RE;Söderköping;SdkA_05RE ;<2;0.377;0.547;0.604;0.716;<0.3;<0.3;<0.3;<0.3;0.665;<0.3;1.38;<0.3;<0.3;<0.3;<0.3;<0.3;<0.3;<1;<0.3;<1;<0.3;<0.3;<0.3;<2;<2;<2;<2;<1;<1;<1;<1;<1;<0.3
27;2023-10-03;SdkB;Wet Weather;05RE;Söderköping;SdkB_05RE ;<2;0.67;0.761;0.725;0.793;0.349;<0.3;0.376;0.357;1.17;0.504;2.67;<0.3;<0.3;<0.3;<0.3;<0.3;<0.3;<1;<0.3;<1;<0.3;<0.3;<0.3;<2;<2;<2;<2;<1;<1;<1;<1;<1;<0.3
28;2023-10-21;SdkA;Wet Weather;06RE;Söderköping;SdkA_06RE;<2;<0.6;0.67;0.622;0.807;<0.3;<0.3;<0.3;<0.3;1.22;<0.3;2.03;<0.3;<0.3;<0.3;<0.3;<0.3;<0.3;<1;<0.3;<1;<0.3;<0.3;<0.3;<2;<2;<2;<2;<1;<1;<1;<1;<1;<0.3
28;2023-10-21;SdkB;Wet Weather;06RE;Söderköping;SdkB_06RE;2.29;0.702;0.895;0.712;0.854;<0.3;<0.3;0.329;0.506;1.47;<0.3;2.83;<0.3;<0.3;<0.3;<0.3;<0.3;<0.3;<1;<0.3;<1;<0.3;<0.3;<0.3;<2;<2;<2;<2;<1;<1;<1;<1;<1;<0.3
28;2023-10-21;SdkC;Wet Weather;06RE;Söderköping;SdkC_06RE;<2;0.364;0.503;0.529;0.525;<0.3;<0.3;<0.3;<0.3;0.586;<0.3;1.11;<0.3;<0.3;<0.3;<0.3;<0.3;<0.3;<1;<0.3;<1;<0.3;<0.3;<0.3;<2;<2;<2;<2;<1;<1;<1;<1;<1;<0.3
29;2023-10-21;NrkA;Wet Weather;06RE;Norrköping;NrkA_06RE;2.78;1.29;1.16;1;1.03;0.351;<0.3;0.552;0.607;0.919;<0.3;2.91;<0.3;<0.3;<0.3;<0.3;<0.3;<0.3;<1;<0.3;<1;<0.3;<0.3;<0.3;<2;<2;<2;<2;<1;<1;<1;<1;<1;<0.3
29;2023-10-21;NrkC;Wet Weather;06RE;Norrköping;NrkC_06RE;5.44;6.48;4.4;2.29;2.99;0.754;0.512;0.756;3.31;14.2;3.86;21.2;<0.3;<0.3;0.364;<0.3;<0.3;<0.3;<1;<0.3;<1;<0.3;0.383;0.861;<2;<2;<2;<2;<1;<1;<1;<1;<1;<0.3
30;2023-10-29;NrkA;Wet Weather;07RE;Norrköping;NrkA_07RE;<4;1.08;1.18;1.01;1.06;0.321;<0.3;0.571;0.463;0.857;<0.3;2.7;<0.3;<0.3;<0.3;<0.3;<0.3;<0.3;<1;<0.3;<1;<0.3;<0.3;<0.3;<2;<2;<2;<2;<1;<1;<1;<1;<1;<0.3
30;2023-10-29;NrkB;Wet Weather;07RE;Norrköping;NrkB_07RE;2.19;1.4;1.23;0.978;1.3;0.385;<0.3;0.561;0.548;1.69;0.443;3.92;<0.3;<0.3;<0.3;<0.3;<0.3;<0.3;<1;<0.3;<1;<0.3;<0.3;<0.3;<2;<2;<2;<2;<1;<1;<1;<1;<1;<0.3
30;2023-10-29;NrkC;Wet Weather;07RE;Norrköping;NrkC_07RE;4.1;7.35;4.88;2.4;2.64;0.49;<0.3;0.868;3.89;10.2;2.15;17.2;<0.3;<0.3;0.533;<0.3;<0.3;<0.3;<1;<0.3;<1;<0.3;<0.3;0.48;<2;<2;<2;<2;<1;<1;<1;<1;<1;<0.3
31;2023-10-29;SdkA;Wet Weather;07RE;Söderköping;SdkA_07RE;<2;0.362;0.522;0.502;0.55;<0.3;<0.3;0.343;<0.3;0.594;<0.9;1.14;<0.3;<0.6;<0.3;<0.3;<0.3;<0.3;<1;<0.6;<1;<0.3;<0.3;<0.3;<2;<2;<2;<2;<1;<1;<1;<1;<1;<0.6
31;2023-10-29;SdkB;Wet Weather;07RE;Söderköping;SdkB_07RE;<2;0.508;0.661;0.593;0.613;<0.3;<0.3;0.4;0.397;0.835;<0.9;1.84;<0.3;<0.3;<0.3;<0.3;<0.3;<0.3;<1;<0.3;<1;<0.3;<0.3;<0.3;<2;<2;<2;<2;<1;<1;<1;<1;<1;<0.3
31;2023-10-29;SdkC;Wet Weather;07RE;Söderköping;SdkC_07RE;<2;<0.3;0.399;0.412;0.475;<0.3;<0.3;<0.3;<0.3;0.448;<0.9;0.923;<0.3;<0.3;<0.3;<0.3;<0.3;<0.3;<1;<0.3;<1;<0.3;<0.3;<0.3;<2;<2;<2;<2;<1;<1;<1;<1;<1;<0.3
